devtx_packetsStaticSta,phytx_packetsStaticSta,retransmissionsStaticSta,avg_datarateStaticSta,ocupacionStaticSta,throughputStaticSta,goodThroughputStaticSta,retransmissionsPerPacket,w,c,tam_red,num_stas
0.0,0.0,0.0,0.0,0.0,0.0,0.0,0.0,4.0,8.0,70.0,17.0
4.0,3.0,0.0,6.0,0.05461333333333333,0.19328,0.17968,0.0,4.0,8.0,70.0,17.0
5.0,5.0,0.0,6.6,0.06206060606060606,0.436,0.436,0.0,4.0,8.0,70.0,17.0
5.0,5.0,0.0,9.0,0.045511111111111106,0.436,0.436,0.0,4.0,8.0,70.0,17.0
5.0,5.0,0.0,10.8,0.037925925925925925,0.436,0.436,0.0,4.0,8.0,70.0,17.0
5.0,5.0,0.0,12.0,0.03413333333333333,0.436,0.436,0.0,4.0,8.0,70.0,17.0
5.0,5.0,0.0,18.0,0.022755555555555553,0.436,0.436,0.0,4.0,8.0,70.0,17.0
5.0,5.0,0.0,20.4,0.020078431372549017,0.436,0.436,0.0,4.0,8.0,70.0,17.0
5.0,5.0,0.0,24.0,0.017066666666666664,0.436,0.436,0.0,4.0,8.0,70.0,17.0
4.0,4.0,0.0,33.0,0.00992969696969697,0.3488,0.3488,0.0,4.0,8.0,70.0,17.0
5.0,5.0,0.0,36.0,0.011377777777777777,0.436,0.436,0.0,4.0,8.0,70.0,17.0
5.0,5.0,0.0,48.0,0.008533333333333332,0.436,0.436,0.0,4.0,8.0,70.0,17.0
5.0,5.0,0.0,50.4,0.008126984126984127,0.436,0.436,0.0,4.0,8.0,70.0,17.0
5.0,5.0,0.0,54.0,0.007585185185185184,0.436,0.436,0.0,4.0,8.0,70.0,17.0
5.0,5.0,0.0,54.0,0.007585185185185184,0.436,0.436,0.0,4.0,8.0,70.0,17.0
5.0,5.0,0.0,54.0,0.007585185185185184,0.436,0.436,0.0,4.0,8.0,70.0,17.0
5.0,5.0,0.0,54.0,0.007585185185185184,0.436,0.436,0.0,4.0,8.0,70.0,17.0
5.0,5.0,0.0,54.0,0.007585185185185184,0.436,0.3488,0.0,4.0,8.0,70.0,17.0
4.0,4.0,0.0,54.0,0.006068148148148148,0.3488,0.436,0.0,4.0,8.0,70.0,17.0
5.0,5.0,0.0,54.0,0.007585185185185184,0.436,0.436,0.0,4.0,8.0,70.0,17.0
5.0,5.0,0.0,54.0,0.007585185185185184,0.436,0.436,0.0,4.0,8.0,70.0,17.0
5.0,5.0,0.0,54.0,0.007585185185185184,0.436,0.436,0.0,4.0,8.0,70.0,17.0
5.0,5.0,0.0,54.0,0.007585185185185184,0.436,0.436,0.0,4.0,8.0,70.0,17.0
5.0,5.0,0.0,54.0,0.007585185185185184,0.436,0.436,0.0,4.0,8.0,70.0,17.0
5.0,5.0,0.0,54.0,0.007585185185185184,0.436,0.436,0.0,4.0,8.0,70.0,17.0
5.0,5.0,0.0,54.0,0.007585185185185184,0.436,0.436,0.0,4.0,8.0,70.0,17.0
4.0,4.0,0.0,54.0,0.006068148148148148,0.3488,0.3488,0.0,4.0,8.0,70.0,17.0
5.0,5.0,0.0,54.0,0.007585185185185184,0.436,0.436,0.0,4.0,8.0,70.0,17.0
5.0,5.0,0.0,54.0,0.007585185185185184,0.436,0.436,0.0,4.0,8.0,70.0,17.0
5.0,5.0,0.0,54.0,0.007585185185185184,0.436,0.436,0.0,4.0,8.0,70.0,17.0
5.0,5.0,0.0,54.0,0.007585185185185184,0.436,0.436,0.0,4.0,8.0,70.0,17.0
5.0,5.0,0.0,54.0,0.007585185185185184,0.436,0.436,0.0,4.0,8.0,70.0,17.0
5.0,5.0,0.0,54.0,0.007585185185185184,0.436,0.436,0.0,4.0,8.0,70.0,17.0
5.0,5.0,0.0,54.0,0.007585185185185184,0.436,0.436,0.0,4.0,8.0,70.0,17.0
5.0,5.0,0.0,54.0,0.007585185185185184,0.436,0.436,0.0,4.0,8.0,70.0,17.0
4.0,4.0,0.0,54.0,0.006068148148148148,0.3488,0.3488,0.0,4.0,8.0,70.0,17.0
5.0,5.0,0.0,54.0,0.007585185185185184,0.436,0.436,0.0,4.0,8.0,70.0,17.0
5.0,5.0,0.0,54.0,0.007585185185185184,0.436,0.436,0.0,4.0,8.0,70.0,17.0
5.0,5.0,0.0,54.0,0.007585185185185184,0.436,0.436,0.0,4.0,8.0,70.0,17.0
5.0,5.0,0.0,54.0,0.007585185185185184,0.436,0.436,0.0,4.0,8.0,70.0,17.0
5.0,5.0,0.0,54.0,0.007585185185185184,0.436,0.436,0.0,4.0,8.0,70.0,17.0
5.0,5.0,0.0,54.0,0.007585185185185184,0.436,0.436,0.0,4.0,8.0,70.0,17.0
5.0,5.0,0.0,54.0,0.007585185185185184,0.436,0.436,0.0,4.0,8.0,70.0,17.0
4.0,4.0,0.0,54.0,0.006068148148148148,0.3488,0.3488,0.0,4.0,8.0,70.0,17.0
5.0,7.0,2.0,54.0,0.007585185185185184,0.6104,0.436,0.2857142857142857,4.0,8.0,70.0,17.0
5.0,5.0,0.0,54.0,0.007585185185185184,0.436,0.436,0.0,4.0,8.0,70.0,17.0
5.0,5.0,0.0,54.0,0.007585185185185184,0.436,0.436,0.0,4.0,8.0,70.0,17.0
5.0,5.0,0.0,54.0,0.007585185185185184,0.436,0.436,0.0,4.0,8.0,70.0,17.0
5.0,10.0,5.0,54.0,0.007585185185185184,0.872,0.436,0.5,4.0,8.0,70.0,17.0
5.0,5.0,0.0,54.0,0.007585185185185184,0.436,0.436,0.0,4.0,8.0,70.0,17.0
5.0,7.0,2.0,54.0,0.007585185185185184,0.6104,0.436,0.2857142857142857,4.0,8.0,70.0,17.0
5.0,6.0,1.0,54.0,0.007585185185185184,0.5232,0.3488,0.16666666666666666,4.0,8.0,70.0,17.0
4.0,7.0,3.0,49.714285714285715,0.006591264367816091,0.6104,0.436,0.42857142857142855,4.0,8.0,70.0,17.0
5.0,7.0,2.0,48.0,0.008533333333333332,0.6104,0.436,0.2857142857142857,4.0,8.0,70.0,17.0
5.0,5.0,0.0,50.4,0.008126984126984127,0.436,0.436,0.0,4.0,8.0,70.0,17.0
5.0,5.0,0.0,54.0,0.007585185185185184,0.436,0.436,0.0,4.0,8.0,70.0,17.0
5.0,5.0,0.0,54.0,0.007585185185185184,0.436,0.436,0.0,4.0,8.0,70.0,17.0
5.0,9.0,4.0,52.0,0.007876923076923076,0.7848,0.436,0.4444444444444444,4.0,8.0,70.0,17.0
5.0,5.0,0.0,48.0,0.008533333333333332,0.436,0.436,0.0,4.0,8.0,70.0,17.0
5.0,11.0,6.0,48.54545454545455,0.008437453183520599,0.9592,0.436,0.5454545454545454,4.0,8.0,70.0,17.0
4.0,4.0,0.0,49.5,0.006619797979797979,0.3488,0.3488,0.0,4.0,8.0,70.0,17.0
5.0,8.0,3.0,54.0,0.007585185185185184,0.6976,0.436,0.375,4.0,8.0,70.0,17.0
5.0,7.0,2.0,54.0,0.007585185185185184,0.6104,0.436,0.2857142857142857,4.0,8.0,70.0,17.0
5.0,6.0,1.0,54.0,0.007585185185185184,0.5232,0.436,0.16666666666666666,4.0,8.0,70.0,17.0
5.0,8.0,3.0,54.0,0.007585185185185184,0.6976,0.436,0.375,4.0,8.0,70.0,17.0
5.0,5.0,0.0,54.0,0.007585185185185184,0.436,0.436,0.0,4.0,8.0,70.0,17.0
5.0,6.0,1.0,54.0,0.007585185185185184,0.5232,0.436,0.16666666666666666,4.0,8.0,70.0,17.0
5.0,9.0,4.0,52.0,0.007876923076923076,0.7848,0.436,0.4444444444444444,4.0,8.0,70.0,17.0
5.0,6.0,1.0,48.0,0.008533333333333332,0.5232,0.436,0.16666666666666666,4.0,8.0,70.0,17.0
4.0,4.0,0.0,48.0,0.006826666666666667,0.3488,0.3488,0.0,4.0,8.0,70.0,17.0
5.0,5.0,0.0,51.6,0.007937984496124031,0.436,0.436,0.0,4.0,8.0,70.0,17.0
5.0,5.0,0.0,54.0,0.007585185185185184,0.436,0.436,0.0,4.0,8.0,70.0,17.0
5.0,5.0,0.0,54.0,0.007585185185185184,0.436,0.436,0.0,4.0,8.0,70.0,17.0
5.0,5.0,0.0,54.0,0.007585185185185184,0.436,0.436,0.0,4.0,8.0,70.0,17.0
5.0,5.0,0.0,54.0,0.007585185185185184,0.436,0.436,0.0,4.0,8.0,70.0,17.0
5.0,6.0,1.0,54.0,0.007585185185185184,0.5232,0.436,0.16666666666666666,4.0,8.0,70.0,17.0
5.0,7.0,2.0,54.0,0.007585185185185184,0.6104,0.436,0.2857142857142857,4.0,8.0,70.0,17.0
4.0,6.0,2.0,54.0,0.006068148148148148,0.5232,0.3488,0.3333333333333333,4.0,8.0,70.0,17.0
5.0,6.0,1.0,54.0,0.007585185185185184,0.5232,0.436,0.16666666666666666,4.0,8.0,70.0,17.0
5.0,11.0,6.0,54.0,0.007585185185185184,0.9592,0.436,0.5454545454545454,4.0,8.0,70.0,17.0
5.0,5.0,0.0,54.0,0.007585185185185184,0.436,0.436,0.0,4.0,8.0,70.0,17.0
5.0,5.0,0.0,54.0,0.007585185185185184,0.436,0.436,0.0,4.0,8.0,70.0,17.0
5.0,5.0,0.0,54.0,0.007585185185185184,0.436,0.436,0.0,4.0,8.0,70.0,17.0
5.0,5.0,0.0,54.0,0.007585185185185184,0.436,0.436,0.0,4.0,8.0,70.0,17.0
5.0,5.0,0.0,54.0,0.007585185185185184,0.436,0.436,0.0,4.0,8.0,70.0,17.0
5.0,4.0,0.0,54.0,0.007585185185185184,0.3488,0.3488,0.0,4.0,8.0,70.0,17.0
4.0,8.0,3.0,54.0,0.006068148148148148,0.6976,0.436,0.375,4.0,8.0,70.0,17.0
5.0,7.0,2.0,54.0,0.007585185185185184,0.6104,0.436,0.2857142857142857,4.0,8.0,70.0,17.0
5.0,8.0,3.0,54.0,0.007585185185185184,0.6976,0.436,0.375,4.0,8.0,70.0,17.0
5.0,5.0,0.0,54.0,0.007585185185185184,0.436,0.436,0.0,4.0,8.0,70.0,17.0
5.0,5.0,0.0,54.0,0.007585185185185184,0.436,0.436,0.0,4.0,8.0,70.0,17.0
5.0,8.0,3.0,54.0,0.007585185185185184,0.6976,0.436,0.375,4.0,8.0,70.0,17.0
5.0,8.0,3.0,54.0,0.007585185185185184,0.6976,0.436,0.375,4.0,8.0,70.0,17.0
5.0,7.0,2.0,54.0,0.007585185185185184,0.6104,0.436,0.2857142857142857,4.0,8.0,70.0,17.0
4.0,7.0,3.0,54.0,0.006068148148148148,0.6104,0.3488,0.42857142857142855,4.0,8.0,70.0,17.0
5.0,7.0,2.0,54.0,0.007585185185185184,0.6104,0.436,0.2857142857142857,4.0,8.0,70.0,17.0
5.0,5.0,0.0,54.0,0.007585185185185184,0.436,0.436,0.0,4.0,8.0,70.0,17.0
5.0,5.0,0.0,54.0,0.007585185185185184,0.436,0.436,0.0,4.0,8.0,70.0,17.0
5.0,5.0,0.0,54.0,0.007585185185185184,0.436,0.436,0.0,4.0,8.0,70.0,17.0
5.0,5.0,0.0,54.0,0.007585185185185184,0.436,0.436,0.0,4.0,8.0,70.0,17.0
5.0,13.0,8.0,49.84615384615385,0.008217283950617283,1.1336,0.436,0.6153846153846154,4.0,8.0,70.0,17.0
5.0,6.0,1.0,48.0,0.008533333333333332,0.5232,0.436,0.16666666666666666,4.0,8.0,70.0,17.0
5.0,6.0,1.0,48.0,0.008533333333333332,0.5232,0.3488,0.16666666666666666,4.0,8.0,70.0,17.0
4.0,8.0,4.0,48.0,0.006826666666666667,0.6976,0.436,0.5,4.0,8.0,70.0,17.0
5.0,5.0,0.0,48.0,0.008533333333333332,0.436,0.436,0.0,4.0,8.0,70.0,17.0
5.0,8.0,3.0,52.5,0.007801904761904762,0.6976,0.436,0.375,4.0,8.0,70.0,17.0
5.0,5.0,0.0,54.0,0.007585185185185184,0.436,0.436,0.0,4.0,8.0,70.0,17.0
5.0,8.0,3.0,54.0,0.007585185185185184,0.6976,0.436,0.375,4.0,8.0,70.0,17.0
5.0,5.0,0.0,54.0,0.007585185185185184,0.436,0.436,0.0,4.0,8.0,70.0,17.0
5.0,5.0,0.0,54.0,0.007585185185185184,0.436,0.436,0.0,4.0,8.0,70.0,17.0
5.0,8.0,3.0,54.0,0.007585185185185184,0.6976,0.436,0.375,4.0,8.0,70.0,17.0
4.0,4.0,0.0,54.0,0.006068148148148148,0.3488,0.3488,0.0,4.0,8.0,70.0,17.0
5.0,8.0,3.0,54.0,0.007585185185185184,0.6976,0.436,0.375,4.0,8.0,70.0,17.0
5.0,5.0,0.0,54.0,0.007585185185185184,0.436,0.436,0.0,4.0,8.0,70.0,17.0
5.0,5.0,0.0,54.0,0.007585185185185184,0.436,0.436,0.0,4.0,8.0,70.0,17.0
5.0,8.0,3.0,54.0,0.007585185185185184,0.6976,0.436,0.375,4.0,8.0,70.0,17.0
5.0,5.0,0.0,54.0,0.007585185185185184,0.436,0.436,0.0,4.0,8.0,70.0,17.0
5.0,5.0,0.0,54.0,0.007585185185185184,0.436,0.436,0.0,4.0,8.0,70.0,17.0
5.0,7.0,2.0,54.0,0.007585185185185184,0.6104,0.436,0.2857142857142857,4.0,8.0,70.0,17.0
5.0,5.0,0.0,54.0,0.007585185185185184,0.436,0.436,0.0,4.0,8.0,70.0,17.0
4.0,5.0,1.0,54.0,0.006068148148148148,0.436,0.3488,0.2,4.0,8.0,70.0,17.0
5.0,7.0,2.0,54.0,0.007585185185185184,0.6104,0.436,0.2857142857142857,4.0,8.0,70.0,17.0
5.0,7.0,2.0,54.0,0.007585185185185184,0.6104,0.436,0.2857142857142857,4.0,8.0,70.0,17.0
5.0,5.0,0.0,54.0,0.007585185185185184,0.436,0.436,0.0,4.0,8.0,70.0,17.0
5.0,7.0,2.0,54.0,0.007585185185185184,0.6104,0.436,0.2857142857142857,4.0,8.0,70.0,17.0
5.0,8.0,3.0,54.0,0.007585185185185184,0.6976,0.436,0.375,4.0,8.0,70.0,17.0
5.0,5.0,0.0,54.0,0.007585185185185184,0.436,0.436,0.0,4.0,8.0,70.0,17.0
5.0,5.0,0.0,54.0,0.007585185185185184,0.436,0.436,0.0,4.0,8.0,70.0,17.0
4.0,4.0,0.0,54.0,0.006068148148148148,0.3488,0.3488,0.0,4.0,8.0,70.0,17.0
5.0,7.0,2.0,54.0,0.007585185185185184,0.6104,0.436,0.2857142857142857,4.0,8.0,70.0,17.0
5.0,8.0,3.0,54.0,0.007585185185185184,0.6976,0.436,0.375,4.0,8.0,70.0,17.0
5.0,13.0,8.0,49.84615384615385,0.008217283950617283,1.1336,0.436,0.6153846153846154,4.0,8.0,70.0,17.0
5.0,5.0,0.0,48.0,0.008533333333333332,0.436,0.436,0.0,4.0,8.0,70.0,17.0
5.0,5.0,0.0,51.6,0.007937984496124031,0.436,0.436,0.0,4.0,8.0,70.0,17.0
5.0,9.0,4.0,54.0,0.007585185185185184,0.7848,0.436,0.4444444444444444,4.0,8.0,70.0,17.0
5.0,8.0,3.0,54.0,0.007585185185185184,0.6976,0.436,0.375,4.0,8.0,70.0,17.0
5.0,8.0,3.0,54.0,0.007585185185185184,0.6976,0.436,0.375,4.0,8.0,70.0,17.0
4.0,7.0,3.0,54.0,0.006068148148148148,0.6104,0.3488,0.42857142857142855,4.0,8.0,70.0,17.0
5.0,5.0,0.0,54.0,0.007585185185185184,0.436,0.436,0.0,4.0,8.0,70.0,17.0
5.0,7.0,2.0,54.0,0.007585185185185184,0.6104,0.436,0.2857142857142857,4.0,8.0,70.0,17.0
5.0,5.0,0.0,54.0,0.007585185185185184,0.436,0.436,0.0,4.0,8.0,70.0,17.0
5.0,5.0,0.0,54.0,0.007585185185185184,0.436,0.436,0.0,4.0,8.0,70.0,17.0
5.0,6.0,1.0,54.0,0.007585185185185184,0.5232,0.436,0.16666666666666666,4.0,8.0,70.0,17.0
5.0,5.0,0.0,54.0,0.007585185185185184,0.436,0.436,0.0,4.0,8.0,70.0,17.0
5.0,8.0,3.0,54.0,0.007585185185185184,0.6976,0.436,0.375,4.0,8.0,70.0,17.0
5.0,5.0,0.0,54.0,0.007585185185185184,0.436,0.3488,0.0,4.0,8.0,70.0,17.0
4.0,6.0,2.0,54.0,0.006068148148148148,0.5232,0.436,0.3333333333333333,4.0,8.0,70.0,17.0
5.0,8.0,3.0,54.0,0.007585185185185184,0.6976,0.436,0.375,4.0,8.0,70.0,17.0
5.0,5.0,0.0,54.0,0.007585185185185184,0.436,0.436,0.0,4.0,8.0,70.0,17.0
5.0,9.0,4.0,52.666666666666664,0.007777215189873418,0.7848,0.436,0.4444444444444444,4.0,8.0,70.0,17.0
5.0,5.0,0.0,48.0,0.008533333333333332,0.436,0.436,0.0,4.0,8.0,70.0,17.0
5.0,6.0,1.0,53.0,0.007728301886792452,0.5232,0.436,0.16666666666666666,4.0,8.0,70.0,17.0
5.0,5.0,0.0,54.0,0.007585185185185184,0.436,0.436,0.0,4.0,8.0,70.0,17.0
5.0,5.0,0.0,54.0,0.007585185185185184,0.436,0.436,0.0,4.0,8.0,70.0,17.0
4.0,4.0,0.0,54.0,0.006068148148148148,0.3488,0.3488,0.0,4.0,8.0,70.0,17.0
5.0,5.0,0.0,54.0,0.007585185185185184,0.436,0.436,0.0,4.0,8.0,70.0,17.0
5.0,5.0,0.0,54.0,0.007585185185185184,0.436,0.436,0.0,4.0,8.0,70.0,17.0
5.0,8.0,3.0,54.0,0.007585185185185184,0.6976,0.436,0.375,4.0,8.0,70.0,17.0
5.0,5.0,0.0,54.0,0.007585185185185184,0.436,0.436,0.0,4.0,8.0,70.0,17.0
5.0,5.0,0.0,54.0,0.007585185185185184,0.436,0.436,0.0,4.0,8.0,70.0,17.0
5.0,5.0,0.0,54.0,0.007585185185185184,0.436,0.436,0.0,4.0,8.0,70.0,17.0
5.0,6.0,1.0,54.0,0.007585185185185184,0.5232,0.436,0.16666666666666666,4.0,8.0,70.0,17.0
5.0,5.0,0.0,54.0,0.007585185185185184,0.436,0.436,0.0,4.0,8.0,70.0,17.0
4.0,4.0,0.0,54.0,0.006068148148148148,0.3488,0.3488,0.0,4.0,8.0,70.0,17.0
5.0,5.0,0.0,54.0,0.007585185185185184,0.436,0.436,0.0,4.0,8.0,70.0,17.0
5.0,5.0,0.0,54.0,0.007585185185185184,0.436,0.436,0.0,4.0,8.0,70.0,17.0
5.0,5.0,0.0,54.0,0.007585185185185184,0.436,0.436,0.0,4.0,8.0,70.0,17.0
5.0,5.0,0.0,54.0,0.007585185185185184,0.436,0.436,0.0,4.0,8.0,70.0,17.0
5.0,5.0,0.0,54.0,0.007585185185185184,0.436,0.436,0.0,4.0,8.0,70.0,17.0
5.0,5.0,0.0,54.0,0.007585185185185184,0.436,0.436,0.0,4.0,8.0,70.0,17.0
5.0,5.0,0.0,54.0,0.007585185185185184,0.436,0.436,0.0,4.0,8.0,70.0,17.0
4.0,4.0,0.0,54.0,0.006068148148148148,0.3488,0.3488,0.0,4.0,8.0,70.0,17.0
5.0,5.0,0.0,54.0,0.007585185185185184,0.436,0.436,0.0,4.0,8.0,70.0,17.0
5.0,6.0,1.0,54.0,0.007585185185185184,0.5232,0.436,0.16666666666666666,4.0,8.0,70.0,17.0
5.0,11.0,6.0,54.0,0.007585185185185184,0.9592,0.436,0.5454545454545454,4.0,8.0,70.0,17.0
5.0,5.0,0.0,54.0,0.007585185185185184,0.436,0.436,0.0,4.0,8.0,70.0,17.0
5.0,6.0,1.0,54.0,0.007585185185185184,0.5232,0.436,0.16666666666666666,4.0,8.0,70.0,17.0
5.0,5.0,0.0,54.0,0.007585185185185184,0.436,0.436,0.0,4.0,8.0,70.0,17.0
5.0,6.0,1.0,54.0,0.007585185185185184,0.5232,0.436,0.16666666666666666,4.0,8.0,70.0,17.0
5.0,5.0,0.0,54.0,0.007585185185185184,0.436,0.436,0.0,4.0,8.0,70.0,17.0
4.0,4.0,0.0,54.0,0.006068148148148148,0.3488,0.3488,0.0,4.0,8.0,70.0,17.0
5.0,6.0,1.0,54.0,0.007585185185185184,0.5232,0.436,0.16666666666666666,4.0,8.0,70.0,17.0
5.0,5.0,0.0,54.0,0.007585185185185184,0.436,0.436,0.0,4.0,8.0,70.0,17.0
5.0,7.0,2.0,54.0,0.007585185185185184,0.6104,0.436,0.2857142857142857,4.0,8.0,70.0,17.0
5.0,5.0,0.0,54.0,0.007585185185185184,0.436,0.436,0.0,4.0,8.0,70.0,17.0
5.0,5.0,0.0,54.0,0.007585185185185184,0.436,0.436,0.0,4.0,8.0,70.0,17.0
5.0,5.0,0.0,54.0,0.007585185185185184,0.436,0.436,0.0,4.0,8.0,70.0,17.0
5.0,5.0,0.0,54.0,0.007585185185185184,0.436,0.436,0.0,4.0,8.0,70.0,17.0
4.0,4.0,0.0,54.0,0.006068148148148148,0.3488,0.3488,0.0,4.0,8.0,70.0,17.0
5.0,5.0,0.0,54.0,0.007585185185185184,0.436,0.436,0.0,4.0,8.0,70.0,17.0
5.0,6.0,1.0,54.0,0.007585185185185184,0.5232,0.436,0.16666666666666666,4.0,8.0,70.0,17.0
5.0,5.0,0.0,54.0,0.007585185185185184,0.436,0.436,0.0,4.0,8.0,70.0,17.0
5.0,7.0,2.0,54.0,0.007585185185185184,0.6104,0.436,0.2857142857142857,4.0,8.0,70.0,17.0
5.0,9.0,4.0,52.0,0.007876923076923076,0.7848,0.436,0.4444444444444444,4.0,8.0,70.0,17.0
5.0,7.0,2.0,48.0,0.008533333333333332,0.6104,0.436,0.2857142857142857,4.0,8.0,70.0,17.0
5.0,5.0,0.0,48.0,0.008533333333333332,0.436,0.436,0.0,4.0,8.0,70.0,17.0
5.0,6.0,1.0,53.0,0.007728301886792452,0.5232,0.436,0.16666666666666666,4.0,8.0,70.0,17.0
4.0,4.0,0.0,54.0,0.006068148148148148,0.3488,0.3488,0.0,4.0,8.0,70.0,17.0
5.0,7.0,2.0,54.0,0.007585185185185184,0.6104,0.436,0.2857142857142857,4.0,8.0,70.0,17.0
5.0,9.0,4.0,52.0,0.007876923076923076,0.7848,0.436,0.4444444444444444,4.0,8.0,70.0,17.0
5.0,5.0,0.0,48.0,0.008533333333333332,0.436,0.436,0.0,4.0,8.0,70.0,17.0
5.0,7.0,2.0,48.857142857142854,0.008383625730994153,0.6104,0.436,0.2857142857142857,4.0,8.0,70.0,17.0
5.0,5.0,0.0,50.4,0.008126984126984127,0.436,0.436,0.0,4.0,8.0,70.0,17.0
5.0,5.0,0.0,54.0,0.007585185185185184,0.436,0.436,0.0,4.0,8.0,70.0,17.0
5.0,7.0,2.0,54.0,0.007585185185185184,0.6104,0.436,0.2857142857142857,4.0,8.0,70.0,17.0
4.0,4.0,0.0,54.0,0.006068148148148148,0.3488,0.3488,0.0,4.0,8.0,70.0,17.0
5.0,5.0,0.0,54.0,0.007585185185185184,0.436,0.436,0.0,4.0,8.0,70.0,17.0
5.0,5.0,0.0,54.0,0.007585185185185184,0.436,0.436,0.0,4.0,8.0,70.0,17.0
5.0,7.0,2.0,54.0,0.007585185185185184,0.6104,0.436,0.2857142857142857,4.0,8.0,70.0,17.0
5.0,5.0,0.0,54.0,0.007585185185185184,0.436,0.436,0.0,4.0,8.0,70.0,17.0
5.0,6.0,1.0,54.0,0.007585185185185184,0.5232,0.436,0.16666666666666666,4.0,8.0,70.0,17.0
5.0,9.0,4.0,54.0,0.007585185185185184,0.7848,0.436,0.4444444444444444,4.0,8.0,70.0,17.0
5.0,7.0,2.0,54.0,0.007585185185185184,0.6104,0.436,0.2857142857142857,4.0,8.0,70.0,17.0
5.0,8.0,3.0,54.0,0.007585185185185184,0.6976,0.436,0.375,4.0,8.0,70.0,17.0
4.0,4.0,0.0,54.0,0.006068148148148148,0.3488,0.3488,0.0,4.0,8.0,70.0,17.0
5.0,6.0,1.0,54.0,0.007585185185185184,0.5232,0.436,0.16666666666666666,4.0,8.0,70.0,17.0
5.0,11.0,6.0,50.18181818181818,0.00816231884057971,0.9592,0.436,0.5454545454545454,4.0,8.0,70.0,17.0
5.0,5.0,0.0,48.0,0.008533333333333332,0.436,0.436,0.0,4.0,8.0,70.0,17.0
5.0,5.0,0.0,51.6,0.007937984496124031,0.436,0.436,0.0,4.0,8.0,70.0,17.0
5.0,8.0,3.0,54.0,0.007585185185185184,0.6976,0.436,0.375,4.0,8.0,70.0,17.0
5.0,5.0,0.0,54.0,0.007585185185185184,0.436,0.436,0.0,4.0,8.0,70.0,17.0
5.0,8.0,3.0,54.0,0.007585185185185184,0.6976,0.436,0.375,4.0,8.0,70.0,17.0
4.0,4.0,0.0,54.0,0.006068148148148148,0.3488,0.3488,0.0,4.0,8.0,70.0,17.0
5.0,5.0,0.0,54.0,0.007585185185185184,0.436,0.436,0.0,4.0,8.0,70.0,17.0
5.0,5.0,0.0,54.0,0.007585185185185184,0.436,0.436,0.0,4.0,8.0,70.0,17.0
5.0,5.0,0.0,54.0,0.007585185185185184,0.436,0.436,0.0,4.0,8.0,70.0,17.0
5.0,5.0,0.0,54.0,0.007585185185185184,0.436,0.436,0.0,4.0,8.0,70.0,17.0
5.0,8.0,3.0,54.0,0.007585185185185184,0.6976,0.436,0.375,4.0,8.0,70.0,17.0
5.0,9.0,4.0,54.0,0.007585185185185184,0.7848,0.3488,0.4444444444444444,4.0,8.0,70.0,17.0
5.0,9.0,4.0,48.0,0.008533333333333332,0.7848,0.5232,0.4444444444444444,4.0,8.0,70.0,17.0
5.0,5.0,0.0,48.0,0.008533333333333332,0.436,0.436,0.0,4.0,8.0,70.0,17.0
4.0,4.0,0.0,52.5,0.00624152380952381,0.3488,0.3488,0.0,4.0,8.0,70.0,17.0
5.0,5.0,0.0,54.0,0.007585185185185184,0.436,0.436,0.0,4.0,8.0,70.0,17.0
5.0,6.0,1.0,54.0,0.007585185185185184,0.5232,0.436,0.16666666666666666,4.0,8.0,70.0,17.0
5.0,6.0,1.0,54.0,0.007585185185185184,0.5232,0.436,0.16666666666666666,4.0,8.0,70.0,17.0
5.0,8.0,3.0,54.0,0.007585185185185184,0.6976,0.436,0.375,4.0,8.0,70.0,17.0
5.0,11.0,6.0,54.0,0.007585185185185184,0.9592,0.436,0.5454545454545454,4.0,8.0,70.0,17.0
5.0,15.0,10.0,51.2,0.008,1.308,0.436,0.6666666666666666,4.0,8.0,70.0,17.0
5.0,5.0,0.0,48.0,0.008533333333333332,0.436,0.436,0.0,4.0,8.0,70.0,17.0
4.0,5.0,1.0,52.8,0.0062060606060606064,0.436,0.3488,0.2,4.0,8.0,70.0,17.0
5.0,8.0,3.0,54.0,0.007585185185185184,0.6976,0.436,0.375,4.0,8.0,70.0,17.0
5.0,8.0,3.0,54.0,0.007585185185185184,0.6976,0.436,0.375,4.0,8.0,70.0,17.0
5.0,5.0,0.0,54.0,0.007585185185185184,0.436,0.436,0.0,4.0,8.0,70.0,17.0
5.0,6.0,1.0,54.0,0.007585185185185184,0.5232,0.436,0.16666666666666666,4.0,8.0,70.0,17.0
5.0,12.0,7.0,53.0,0.007728301886792452,1.0464,0.436,0.5833333333333334,4.0,8.0,70.0,17.0
5.0,5.0,0.0,48.0,0.008533333333333332,0.436,0.436,0.0,4.0,8.0,70.0,17.0
5.0,7.0,2.0,48.0,0.008533333333333332,0.6104,0.436,0.2857142857142857,4.0,8.0,70.0,17.0
5.0,5.0,0.0,50.4,0.008126984126984127,0.436,0.436,0.0,4.0,8.0,70.0,17.0
4.0,7.0,3.0,54.0,0.006068148148148148,0.6104,0.3488,0.42857142857142855,4.0,8.0,70.0,17.0
5.0,5.0,0.0,54.0,0.007585185185185184,0.436,0.436,0.0,4.0,8.0,70.0,17.0
5.0,5.0,0.0,54.0,0.007585185185185184,0.436,0.436,0.0,4.0,8.0,70.0,17.0
5.0,5.0,0.0,54.0,0.007585185185185184,0.436,0.436,0.0,4.0,8.0,70.0,17.0
5.0,7.0,2.0,54.0,0.007585185185185184,0.6104,0.436,0.2857142857142857,4.0,8.0,70.0,17.0
5.0,5.0,0.0,54.0,0.007585185185185184,0.436,0.436,0.0,4.0,8.0,70.0,17.0
5.0,6.0,1.0,54.0,0.007585185185185184,0.5232,0.436,0.16666666666666666,4.0,8.0,70.0,17.0
5.0,11.0,6.0,50.18181818181818,0.00816231884057971,0.9592,0.436,0.5454545454545454,4.0,8.0,70.0,17.0
4.0,4.0,0.0,48.0,0.006826666666666667,0.3488,0.3488,0.0,4.0,8.0,70.0,17.0
5.0,7.0,2.0,48.857142857142854,0.008383625730994153,0.6104,0.436,0.2857142857142857,4.0,8.0,70.0,17.0
5.0,5.0,0.0,48.0,0.008533333333333332,0.436,0.436,0.0,4.0,8.0,70.0,17.0
5.0,8.0,3.0,54.0,0.007585185185185184,0.6976,0.436,0.375,4.0,8.0,70.0,17.0
5.0,5.0,0.0,54.0,0.007585185185185184,0.436,0.436,0.0,4.0,8.0,70.0,17.0
5.0,8.0,3.0,54.0,0.007585185185185184,0.6976,0.3488,0.375,4.0,8.0,70.0,17.0
5.0,6.0,1.0,54.0,0.007585185185185184,0.5232,0.5232,0.16666666666666666,4.0,8.0,70.0,17.0
5.0,5.0,0.0,54.0,0.007585185185185184,0.436,0.436,0.0,4.0,8.0,70.0,17.0
5.0,4.0,0.0,54.0,0.007585185185185184,0.3488,0.3488,0.0,4.0,8.0,70.0,17.0
4.0,10.0,5.0,52.2,0.006277394636015326,0.872,0.436,0.5,4.0,8.0,70.0,17.0
5.0,9.0,4.0,48.0,0.008533333333333332,0.7848,0.436,0.4444444444444444,4.0,8.0,70.0,17.0
5.0,8.0,3.0,48.0,0.008533333333333332,0.6976,0.436,0.375,4.0,8.0,70.0,17.0
5.0,5.0,0.0,48.0,0.008533333333333332,0.436,0.436,0.0,4.0,8.0,70.0,17.0
5.0,5.0,0.0,52.8,0.007757575757575757,0.436,0.436,0.0,4.0,8.0,70.0,17.0
5.0,5.0,0.0,54.0,0.007585185185185184,0.436,0.436,0.0,4.0,8.0,70.0,17.0
5.0,5.0,0.0,54.0,0.007585185185185184,0.436,0.436,0.0,4.0,8.0,70.0,17.0
5.0,7.0,2.0,54.0,0.007585185185185184,0.6104,0.436,0.2857142857142857,4.0,8.0,70.0,17.0
5.0,4.0,0.0,54.0,0.007585185185185184,0.3488,0.3488,0.0,4.0,8.0,70.0,17.0
4.0,5.0,0.0,54.0,0.006068148148148148,0.436,0.436,0.0,4.0,8.0,70.0,17.0
5.0,7.0,2.0,54.0,0.007585185185185184,0.6104,0.436,0.2857142857142857,4.0,8.0,70.0,17.0
5.0,5.0,0.0,54.0,0.007585185185185184,0.436,0.436,0.0,4.0,8.0,70.0,17.0
5.0,7.0,2.0,54.0,0.007585185185185184,0.6104,0.436,0.2857142857142857,4.0,8.0,70.0,17.0
5.0,9.0,4.0,50.666666666666664,0.00808421052631579,0.7848,0.436,0.4444444444444444,4.0,8.0,70.0,17.0
5.0,12.0,7.0,42.0,0.009752380952380952,1.0464,0.436,0.5833333333333334,4.0,8.0,70.0,17.0
5.0,5.0,0.0,36.0,0.011377777777777777,0.436,0.436,0.0,4.0,8.0,70.0,17.0
5.0,5.0,0.0,43.2,0.009481481481481481,0.436,0.436,0.0,4.0,8.0,70.0,17.0
4.0,4.0,0.0,48.0,0.006826666666666667,0.3488,0.3488,0.0,4.0,8.0,70.0,17.0
5.0,9.0,4.0,52.666666666666664,0.007777215189873418,0.7848,0.436,0.4444444444444444,4.0,8.0,70.0,17.0
5.0,9.0,4.0,48.0,0.008533333333333332,0.7848,0.436,0.4444444444444444,4.0,8.0,70.0,17.0
5.0,5.0,0.0,48.0,0.008533333333333332,0.436,0.436,0.0,4.0,8.0,70.0,17.0
5.0,5.0,0.0,54.0,0.007585185185185184,0.436,0.436,0.0,4.0,8.0,70.0,17.0
5.0,9.0,4.0,53.333333333333336,0.00768,0.7848,0.436,0.4444444444444444,4.0,8.0,70.0,17.0
5.0,5.0,0.0,48.0,0.008533333333333332,0.436,0.436,0.0,4.0,8.0,70.0,17.0
5.0,5.0,0.0,51.6,0.007937984496124031,0.436,0.436,0.0,4.0,8.0,70.0,17.0
5.0,5.0,0.0,54.0,0.007585185185185184,0.436,0.436,0.0,4.0,8.0,70.0,17.0
4.0,4.0,0.0,54.0,0.006068148148148148,0.3488,0.3488,0.0,4.0,8.0,70.0,17.0
5.0,11.0,6.0,51.27272727272727,0.007988652482269501,0.9592,0.436,0.5454545454545454,4.0,8.0,70.0,17.0
5.0,5.0,0.0,48.0,0.008533333333333332,0.436,0.436,0.0,4.0,8.0,70.0,17.0
5.0,5.0,0.0,54.0,0.007585185185185184,0.436,0.436,0.0,4.0,8.0,70.0,17.0
5.0,5.0,0.0,54.0,0.007585185185185184,0.436,0.436,0.0,4.0,8.0,70.0,17.0
5.0,5.0,0.0,54.0,0.007585185185185184,0.436,0.436,0.0,4.0,8.0,70.0,17.0
5.0,6.0,1.0,54.0,0.007585185185185184,0.5232,0.436,0.16666666666666666,4.0,8.0,70.0,17.0
5.0,5.0,0.0,54.0,0.007585185185185184,0.436,0.436,0.0,4.0,8.0,70.0,17.0
4.0,8.0,4.0,54.0,0.006068148148148148,0.6976,0.3488,0.5,4.0,8.0,70.0,17.0
5.0,6.0,1.0,54.0,0.007585185185185184,0.5232,0.436,0.16666666666666666,4.0,8.0,70.0,17.0
